{
    "total_runtime": 315.3801612854004,
    "num_documents": 10,
    "update_documents": 0,
    "input_load_time": 0,
    "workflows": {
        "load_input_documents": {
            "overall": 0.2098402976989746
        },
        "create_base_text_units": {
            "overall": 0.20576167106628418
        },
        "create_final_documents": {
            "overall": 0.08964276313781738
        },
        "extract_graph_nlp": {
            "overall": 9.392527103424072
        },
        "prune_graph": {
            "overall": 0.21412277221679688
        },
        "finalize_graph": {
            "overall": 0.677128791809082
        },
        "create_communities": {
            "overall": 0.18507742881774902
        },
        "create_final_text_units": {
            "overall": 0.20644497871398926
        },
        "create_community_reports_text": {
            "overall": 300.63951873779297
        },
        "generate_text_embeddings": {
            "overall": 3.5581910610198975
        }
    }
}