{
    "total_runtime": 513.2991137504578,
    "num_documents": 0,
    "update_documents": 10,
    "input_load_time": 0,
    "workflows": {
        "load_update_documents": {
            "overall": 0.5657265186309814
        },
        "create_base_text_units": {
            "overall": 0.13364887237548828
        },
        "create_final_documents": {
            "overall": 0.10192131996154785
        },
        "extract_graph_nlp": {
            "overall": 10.273308992385864
        },
        "prune_graph": {
            "overall": 0.19444537162780762
        },
        "finalize_graph": {
            "overall": 0.12883853912353516
        },
        "create_communities": {
            "overall": 0.16773772239685059
        },
        "create_final_text_units": {
            "overall": 0.22066879272460938
        },
        "create_community_reports_text": {
            "overall": 300.4603736400604
        },
        "generate_text_embeddings": {
            "overall": 3.75
        },
        "update_final_documents": {
            "overall": 0.28968334197998047
        },
        "update_entities_relationships": {
            "overall": 37.40147876739502
        },
        "update_text_units": {
            "overall": 0.5803751945495605
        },
        "update_covariates": {
            "overall": 0.0012412071228027344
        },
        "update_communities": {
            "overall": 0.2950000762939453
        },
        "update_community_reports": {
            "overall": 0.3336446285247803
        },
        "update_text_embeddings": {
            "overall": 157.9361310005188
        },
        "update_clean_state": {
            "overall": 0.4629850387573242
        }
    }
}