{
    "total_runtime": 405.5472881793976,
    "num_documents": 0,
    "update_documents": 10,
    "input_load_time": 0,
    "workflows": {
        "load_update_documents": {
            "overall": 0.21543335914611816
        },
        "create_base_text_units": {
            "overall": 0.15974831581115723
        },
        "create_final_documents": {
            "overall": 0.03960371017456055
        },
        "extract_graph_nlp": {
            "overall": 9.67130446434021
        },
        "prune_graph": {
            "overall": 0.19295501708984375
        },
        "finalize_graph": {
            "overall": 0.11472439765930176
        },
        "create_communities": {
            "overall": 0.18129539489746094
        },
        "create_final_text_units": {
            "overall": 0.19290971755981445
        },
        "create_community_reports_text": {
            "overall": 180.44479846954346
        },
        "generate_text_embeddings": {
            "overall": 3.902158737182617
        },
        "update_final_documents": {
            "overall": 0.2698373794555664
        },
        "update_entities_relationships": {
            "overall": 33.40804696083069
        },
        "update_text_units": {
            "overall": 0.7959635257720947
        },
        "update_covariates": {
            "overall": 0.0010304450988769531
        },
        "update_communities": {
            "overall": 0.22354888916015625
        },
        "update_community_reports": {
            "overall": 0.3835947513580322
        },
        "update_text_embeddings": {
            "overall": 175.03436541557312
        },
        "update_clean_state": {
            "overall": 0.3128221035003662
        }
    }
}